Canon EOS 5D Mark IV Full Frame Digital SLR Camera Body,2499,/Canon-Mark-Frame-Digital-Camera/dp/B01KURGS9E/ref=sr_1_1?dchild=1&keywords=canon+5d&qid=1627495286&sr=8-1
Fujifilm X-T4 Mirrorless Camera Body - Silver,1699,/Fujifilm-X-T4-Mirrorless-Camera-Body/dp/B084ZTN8W5/ref=sr_1_2?dchild=1&keywords=canon+5d&qid=1627495286&sr=8-2
Canon EOS 5D Mark II Full Frame DSLR Camera (Body Only) (OLD MODEL),1499,/Canon-Mark-Frame-Camera-MODEL/dp/B001G5ZTLS/ref=sr_1_3?dchild=1&keywords=canon+5d&qid=1627495286&sr=8-3
Canon EOS 5D Mark IV Full Frame Digital SLR Camera Body (Renewed),,/Canon-EOS-5D-Mark-IV/dp/B07DTW9B8P/ref=sr_1_4?dchild=1&keywords=canon+5d&qid=1627495286&sr=8-4
Canon EOS 5D 12.8 MP Digital SLR Camera (Body Only),,/Canon-12-8-Digital-Camera-Body/dp/B0007Y791C/ref=sr_1_5?dchild=1&keywords=canon+5d&qid=1627495286&sr=8-5
Canon EOS 5D Mark III 22.3 MP Full Frame CMOS with 1080p Full-HD Video Mode Digital SLR Camera (Body),,/Canon-Frame-Full-HD-Digital-Camera/dp/B007FGYZFI/ref=sr_1_6?dchild=1&keywords=canon+5d&qid=1627495286&sr=8-6
Canon EOS 5D Mark III 22.3 MP Full Frame CMOS with 1080p Full-HD Video Mode Digital SLR Camera (Body),2790,/Canon-Frame-Full-HD-Digital-Camera/dp/B00SMNZ0P2/ref=sr_1_7?dchild=1&keywords=canon+5d&qid=1627495286&sr=8-7
Canon EOS 5D Mark IV DSLR Body - with Canon BG-E20 Battery Grip,,/Canon-5D-Mark-IV-DSLR/dp/B0779PCYR9/ref=sr_1_8?dchild=1&keywords=canon+5d&qid=1627495286&sr=8-8
Canon EOS 5D Mark IV DSLR Body with Canon Log,,/Canon-Mark-Digital-Camera-Body/dp/B0101S4BSM/ref=sr_1_9?dchild=1&keywords=canon+5d&qid=1627495286&sr=8-9
Canon EOS 5D Mark III Body Only - International Version (No Warranty),,/Canon-EOS-5D-Mark-III/dp/B01BMW9QFY/ref=sr_1_10?dchild=1&keywords=canon+5d&qid=1627495286&sr=8-10
"Canon EOS 6D Mark II Digital SLR Camera Body, Wi-Fi Enabled",1399,/Canon-Mark-Digital-Camera-Body/dp/B072MZCJKN/ref=sr_1_11?dchild=1&keywords=canon+5d&qid=1627495286&sr=8-11
Canon EOS R Mirrorless Full Frame Camera with RF 24-105mm F/4L IS USM Lens Kit (3075C012),2899,/Canon-Mirrorless-Digital-Camera-24-105mm/dp/B07H489ZP4/ref=sr_1_12?dchild=1&keywords=canon+5d&qid=1627495286&sr=8-12
"Canon EOS R6 Full-Frame Mirrorless Camera + RF24-105mm F4-7.1 is STM Lens Kit, Black (4082C022)",2799,/Canon-Full-Frame-Mirrorless-RF24-105mm-4082C022/dp/B08BW8H44J/ref=sr_1_13?dchild=1&keywords=canon+5d&qid=1627495286&sr=8-13
Canon EOS-1DX Mark II DSLR Camera (Body Only),,/Canon-EOS-1DX-Mark-DSLR-Camera/dp/B01B6OTTIM/ref=sr_1_14?dchild=1&keywords=canon+5d&qid=1627495286&sr=8-14
Canon EOS 70D Digital SLR Camera (Body Only),,/Canon-Digital-Camera-Body-Only/dp/B00DMS0GTC/ref=sr_1_15?dchild=1&keywords=canon+5d&qid=1627495286&sr=8-15
"Canon EOS RP Full-frame Mirrorless Interchangeable Lens Camera + RF24-105mm Lens F4-7.1 IS STM Lens Kit-- Compact and Lightweight for Traveling and Vlogging, Black (3380C132)",1299,/Canon-Full-frame-Interchangeable-lightweight-3380C132/dp/B086TTTZR5/ref=sr_1_16?dchild=1&keywords=canon+5d&qid=1627495286&sr=8-16
"Zeiss Touit 2.8/50M Macro Camera Lens for Fujifilm X-Mount Mirrorless Cameras, Black",899,/gp/slredirect/picassoRedirect.html/ref=pa_sp_atf_next_aps_sr_pg2_1?ie=UTF8&adId=A08722241TAILT0EBZ4PH&url=%2FZeiss-Touit-50mm-Fujifilm-Cameras%2Fdp%2FB00I4UFU2G%2Fref%3Dsr_1_17_sspa%3Fdchild%3D1%26keywords%3Dcanon%2B5d%26qid%3D1627495289%26sr%3D8-17-spons%26psc%3D1&qualifier=1627495289&id=3048722838271528&widgetName=sp_atf_next
Rokinon RK24M-FX 24mm F1.4 Aspherical Lens for Fujifilm X-Mount Cameras,500,/gp/slredirect/picassoRedirect.html/ref=pa_sp_atf_next_aps_sr_pg2_1?ie=UTF8&adId=A0721199C7BINMK6WNKT&url=%2FRokinon-RK24M-FX-Aspherical-Fujifilm-X-Mount%2Fdp%2FB00KT0V320%2Fref%3Dsr_1_18_sspa%3Fdchild%3D1%26keywords%3Dcanon%2B5d%26qid%3D1627495289%26sr%3D8-18-spons%26psc%3D1&qualifier=1627495289&id=3048722838271528&widgetName=sp_atf_next
Canon EOS Rebel T7 DSLR Camera with 18-55mm Lens | Built-in Wi-Fi | 24.1 MP CMOS Sensor | DIGIC 4+ Image Processor and Full HD Videos,,/Canon-Rebel-T7-18-55mm-II/dp/B07C2Z21X5/ref=sr_1_19?dchild=1&keywords=canon+5d&qid=1627495289&sr=8-19
"Canon EOS REBEL SL3 Digital SLR Camera with EF-S 18-55mm Lens kit, Built-in Wi-Fi, Dual Pixel CMOS AF and 3.0 Inch Vari-Angle Touch Screen, Black",,/Canon-Rebel-18-55mm-Lens-Black/dp/B07QBD256Y/ref=sr_1_20?dchild=1&keywords=canon+5d&qid=1627495289&sr=8-20
"Canon EOS M50 Mirrorless Vlogging Camera Kit with EF-M 15-45mm Lens, Black",649,/Canon-Mirrorless-Camera-EF-M15-45mm-Video/dp/B079Y45KTJ/ref=sr_1_21?dchild=1&keywords=canon+5d&qid=1627495289&sr=8-21
"Canon DSLR Camera [EOS 90D] with Built-in Wi-Fi, Bluetooth, DIGIC 8 Image Processor, 4K Video, Dual Pixel CMOS AF, and 3.0 Inch Vari-Angle Touch LCD Screen, [Body Only], Black",,/Canon-Digital-Camera-Black-3616C002/dp/B07WFQYDD5/ref=sr_1_22?dchild=1&keywords=canon+5d&qid=1627495289&sr=8-22
Canon EOS 7D 18 MP CMOS Digital SLR Camera Body Only (discontinued by manufacturer),749,/Canon-Digital-Camera-discontinued-manufacturer/dp/B002NEGTTW/ref=sr_1_23?dchild=1&keywords=canon+5d&qid=1627495289&sr=8-23
"Sony a7R III Mirrorless Camera: 42.4MP Full Frame High Resolution Interchangeable Lens Digital Camera with Front End LSI Image Processor, 4K HDR Video and 3"" LCD Screen - ILCE7RM3/B Body, Black",2798,/Sony-a7R-Mirrorless-Camera-Interchangeable/dp/B076TGDHPT/ref=sr_1_24?dchild=1&keywords=canon+5d&qid=1627495289&sr=8-24
Canon EOS 50D DSLR Camera (Body Only) (Discontinued by Manufacturer),899,/Canon-50D-Body-Discontinued-Manufacturer/dp/B001EQ4BVI/ref=sr_1_25?dchild=1&keywords=canon+5d&qid=1627495289&sr=8-25
Sony Alpha 7 II E-mount interchangeable lens mirrorless camera with full frame sensor,998,/Sony-Alpha-Mirrorless-Digital-Camera/dp/B00PX8CHO6/ref=sr_1_26?dchild=1&keywords=canon+5d&qid=1627495289&sr=8-26
Canon EOS 7D Mark II Digital SLR Camera (Body Only),,/Canon-Mark-Digital-Camera-Body/dp/B00NEWZDRG/ref=sr_1_27?dchild=1&keywords=canon+5d&qid=1627495289&sr=8-27
Canon EOS 6D 20.2 MP CMOS Digital SLR Camera with 3.0-Inch LCD (Body Only) - Wi-Fi Enabled,,/Canon-20-2-Digital-Camera-3-0-Inch/dp/B009B0MZ8U/ref=sr_1_28?dchild=1&keywords=canon+5d&qid=1627495289&sr=8-28
EOS 1D Mark III DSLR 10MP CF I/II SD SDHC 3IN LCD USB LI-ION,,/Canon-10-1MP-Digital-Discontinued-Manufacturer/dp/B000NP1C5O/ref=sr_1_29?dchild=1&keywords=canon+5d&qid=1627495289&sr=8-29
Canon EOS 5DS R Digital SLR Camera(Body Only) Bundle - International Version,,/Canon-Digital-Camera-Body-Bundle/dp/B07QCD1S2R/ref=sr_1_30?dchild=1&keywords=canon+5d&qid=1627495289&sr=8-30
Canon EOS 5DS Digital SLR (Body Only),,/Canon-EOS-Digital-Body-Only/dp/B00T3ERPT8/ref=sr_1_31?dchild=1&keywords=canon+5d&qid=1627495289&sr=8-31
Canon Digital SLR Camera Body [EOS 80D] with 24.2 Megapixel (APS-C) CMOS Sensor and Dual Pixel CMOS AF - Black,,/Canon-Digital-Camera-Megapixel-Sensor/dp/B01BUYK04A/ref=sr_1_32?dchild=1&keywords=canon+5d&qid=1627495289&sr=8-32
Canon EOS Rebel SL2 DSLR Camera with EF-S 18-55mm STM Lens - WiFi Enabled,,/Canon-Rebel-DSLR-Camera-18-55mm/dp/B071K62DPN/ref=sr_1_33?dchild=1&keywords=canon+5d&qid=1627495289&sr=8-33
Canon EOS M Compact System Camera -Black- Body Only,,/Canon-Compact-System-Camera-Black/dp/B00B2A1KEC/ref=sr_1_34?dchild=1&keywords=canon+5d&qid=1627495289&sr=8-34
"Zeiss 32mm f/1.8 Touit Series for Fujifilm X Series Cameras, Black, Model: 000000-2030-679",645,/gp/slredirect/picassoRedirect.html/ref=pa_sp_atf_next_aps_sr_pg3_1?ie=UTF8&adId=A08808161Y5U7P1QXGLN5&url=%2FZeiss-32mm-Touit-Fujifilm-Cameras%2Fdp%2FB00COJSPGG%2Fref%3Dsr_1_33_sspa%3Fdchild%3D1%26keywords%3Dcanon%2B5d%26qid%3D1627495291%26sr%3D8-33-spons%26psc%3D1&qualifier=1627495291&id=3216619241866667&widgetName=sp_atf_next
"MegaGear Canon EOS 5D Mark IV Camera LCD Optical Screen Protector, Transparent (MG844)",9,/gp/slredirect/picassoRedirect.html/ref=pa_sp_atf_next_aps_sr_pg3_1?ie=UTF8&adId=A06761062M1W092EVG4LE&url=%2FMegagear-Optical-Protector-Transparent-MG844%2Fdp%2FB01M2XFS34%2Fref%3Dsr_1_34_sspa%3Fdchild%3D1%26keywords%3Dcanon%2B5d%26qid%3D1627495291%26sr%3D8-34-spons%26psc%3D1&qualifier=1627495291&id=3216619241866667&widgetName=sp_atf_next
Sony Î±7R IV Full-frame Mirrorless Interchangeable Lens Camera (ILCE7RM4/B),3498,/Sony-Full-frame-Mirrorless-Interchangeable-ILCE7RM4/dp/B07VGHW91J/ref=sr_1_35?dchild=1&keywords=canon+5d&qid=1627495291&sr=8-35
"Canon Mirrorless Camera [EOS M6 Mark II] for Vlogging + EF-M 18-150mm lens + EVF Kit|CMOS (APS-C) Sensor| Dual Pixel CMOS Auto Focus| Wi-Fi |Bluetooth| 4K Video, Silver",1349,/Canon-Mark-Silver-18-150mm-3-5-6-3/dp/B07WMTP5YB/ref=sr_1_36?dchild=1&keywords=canon+5d&qid=1627495291&sr=8-36
"Canon Mirrorless Camera [EOS M6 Mark II] (Body) for Vlogging|CMOS (APS-C) Sensor| Dual Pixel CMOS Auto Focus| Wi-Fi |Bluetooth and 4K Video, Black",849,/Canon-Mark-Mirrorless-Camera-Black/dp/B07WJYY49W/ref=sr_1_37?dchild=1&keywords=canon+5d&qid=1627495291&sr=8-37
"Canon Digital SLR Camera Kit [EOS Rebel T6] with EF-S 18-55mm and EF 75-300mm Zoom Lenses - Black, full-size",,/Canon-Digital-Camera-18-55mm-75-300mm/dp/B01CQJHJ2E/ref=sr_1_38?dchild=1&keywords=canon+5d&qid=1627495291&sr=8-38
Canon EOS-1D X 18.1MP Full Frame CMOS Digital SLR Camera (Discontinued by Manufacturer),,/Canon-EOS-1D-Digital-Discontinued-Manufacturer/dp/B005Y3T1AI/ref=sr_1_39?dchild=1&keywords=canon+5d&qid=1627495291&sr=8-39
"Canon EOS R Mirrorless Digital Camera Body Bundle, Includes 64GB SDXC Extreme PRO Memory Card, Spare Battery, AC/DC Travel Charger, More (7 Items)",,/Canon-EOS-Mirrorless-Digital-Camera/dp/B07KVN8217/ref=sr_1_40?dchild=1&keywords=canon+5d&qid=1627495291&sr=8-40
Canon EOS-1D C Cinema Camera Body,,/Canon-EOS-1D-Cinema-Camera-Body/dp/B00F5V0QGC/ref=sr_1_41?dchild=1&keywords=canon+5d&qid=1627495291&sr=8-41
